FID_1,BOROCODE,BORONAME,COUNTYFIPS,NTACODE,NTANAME,SHAPE_LENG,SHAPE_AREA,SUM_TOTAL_POP,COUNT_CONSTRUCTIONNOISE,COUNT_subwaystops,COUNT_SHOOTINGS,Shootings_Weighted_Pop,COUNT_SAT,AVG_TOTAL_SCORE,STDDEV_TOTALSCORE,AVG_MATH,VAR_MATH,AVG_LOTARE,AVG_FAR,AVG_ASSESSEDVAL_TOTAL,COM_FAR,RESI_FAR,OFFICE_FAR,RETAIL_FAR,GARG_FAR,STRG_FAR,FACT_FAR,AVG_UNITSTOTAL,AVG_PERCENT_OCC,AVG_MEDIAN_HHINCOME,AVG_MEANHH_HHINCOME,AVG_PCT_POVERTY,COUNT_GRAFFITI,COUNT_DIRTY,COUNT_DERELICTVEHICLES,AVG_MEDHOME_VAL,AVG_MED_GROSS_RENTAL,Rent_pct_inc
0,3,Brooklyn,47,BK43,Midwood,27996.59127,35799637.81,37816,18,6,0,0,1,1443,0,503,0,3886.867082,1.238768708,147640.6654,0.173067149,1.066138933,0.059154573,0.034018356,0.006236218,0.001287573,0.001065725,3.383916,89.338235,53903,74435.61765,15.98,9,211,68,629429.4118,1000.794118,0.222800121
1,3,Brooklyn,47,BK75,Bedford,29992.9188,32629833.3,56836,58,16,1,2.714988827,4,1186,120.8663174,402.5,1973.666667,3428.431295,1.633242489,454708.8627,0.391686266,1.246565559,0.116190969,0.064788189,0.011115992,0.031878197,0.082996371,4.328199,89.976923,34991,48032.23077,34.48,61,385,38,522138.4615,986.384615,0.33827203
2,2,Bronx,5,BX40,Fordham South,15878.27244,6307283.425,29151,1,9,2,3.977944508,0,0,0,0,0,6330.628019,2.609276783,202004.1577,0.530063694,2.079213089,0.150300154,0.190036171,0.033090921,0.020892219,0.009943734,15.639291,94.222222,23847,32795.88889,39.34,1,68,3,234022.2222,913.111111,0.459478348
3,3,Brooklyn,47,BK88,Borough Park,39247.22772,54005019.23,59949,32,23,0,0,1,1256,0,492,0,3143.21033,1.501285724,171536.1396,0.373105667,1.128671287,0.068840822,0.070374458,0.021338525,0.012694059,0.029690571,3.003304,91.317308,38139,53103.75,28.35,52,210,109,626705.7692,1088.192308,0.342391748
4,3,Brooklyn,47,BK96,Rugby-Remsen Village,30957.85341,32706946.25,38436,11,0,0,0,0,0,0,0,0,3063.823564,1.248868246,1759552.005,0.236164739,1.012703507,0.050478266,0.049802083,0.0244159,0.014545748,0.003745662,3.156947,91.426471,43849,54263.20588,18.19,7,361,71,416479.4118,992.558824,0.271629864
5,4,Queens,81,QN52,East Flushing,25843.36472,29454379.85,26148,3,0,0,0,0,0,0,0,0,4369.223095,0.602796365,123514.44,0.071452542,0.531343823,0.012454553,0.013920723,0.001922069,0.003223366,0.000433666,1.986029,90.773913,53034,65501.65217,12.43,0,87,36,554030.4348,1232.26087,0.278825422
6,4,Queens,81,QN53,Woodhaven,28070.58555,37001316.63,29235,21,8,2,7.188837696,1,1309,0,464,0,2836.237736,0.834509199,170105.6939,0.111037147,0.723472052,0.012975287,0.039765948,0.006145845,0.006974818,0.010873348,2.052275,93.015152,49673,60429.18182,13.95,36,499,211,452663.6364,1129.515152,0.272867196
7,3,Brooklyn,47,BK44,Madison,26237.25734,27379162,40313,34,5,1,3.581584146,1,1372,0,478,0,3061.321362,1.134597128,187191.2343,0.140026717,0.994570411,0.071146833,0.043989258,0.001093853,0.001975156,0,2.729121,83.406061,56288,70175.93939,11.95,4,200,83,563857.5758,1034.515152,0.220547336
8,4,Queens,81,QN48,Auburndale,32446.87876,34164217.65,23956,11,0,0,0,1,1441,0,530,0,4246.463985,0.525941574,236523.8016,0.086293342,0.439648232,0.01913095,0.017824476,0.004631395,0.00133512,4.06018E-05,1.480077,91.104545,67353,78862.77273,7.07,0,79,39,562295.4545,1306.318182,0.232741202
9,2,Bronx,5,BX44,Williamsbridge-Olinville,27350.97425,36273563.43,45010,13,10,5,14.65183064,9,1109.888889,48.61698377,375.777778,367.444444,3649.760474,1.101989352,1141775.479,0.199317346,0.902672005,0.014569697,0.043362672,0.018148465,0.002195171,0.007374672,3.279024,93.751429,43624,52619.42857,17.35,42,346,34,371605.7143,981.171429,0.269898614
10,4,Queens,81,QN51,Murray Hill,33266.90458,52488277.51,43805,20,0,1,2.466590907,1,1275,0,425,0,4727.55637,0.732258438,173627.8946,0.109865932,0.623208786,0.015450204,0.031070751,0.010241918,0.004708703,0.001379118,2.653785,95.164286,63047,76203.28571,9.89,1,113,41,540842.8571,1231.571429,0.234411086
11,2,Bronx,5,BX41,Mount Hope,18935.16727,14718300.07,37779,10,16,5,11.61066753,1,1120,0,375,0,6099.469373,2.557611908,104893.0843,0.607815822,1.958070707,0.263762027,0.094475431,0.060364529,0.024731496,0.024386783,23.189459,90.638462,26066,34036.69231,35.32,5,138,9,170815.3846,902.461538,0.415467291
12,4,Queens,81,QN27,East Elmhurst,19816.71206,19726845.78,16034,9,0,0,0,0,0,0,0,0,3735.420182,0.729678765,357202.9052,0.194927462,0.534751303,0.006153304,0.021884707,0.034630499,0.004434955,0.003682504,2.257697,85.48125,45156,54410.3125,14.83,7,164,45,445806.25,1124.75,0.298898811
13,3,Brooklyn,47,BK81,Brownsville,27300.78123,32730861.11,38163,4,13,5,13.69930036,5,1135,74.20242584,378.4,223.3,4904.995212,1.285604784,41560.24102,0.328997203,0.956607581,0.078200354,0.073075024,0.013594367,0.018594755,0.026356157,5.296627,93.439286,28978,38851.21429,32.38,28,156,54,377025,806.321429,0.333899849
14,3,Brooklyn,47,BK85,East New York (Pennsylvania Ave),24226.85078,19397527.3,26158,7,9,2,6.31399786,5,1103.8,19.2535711,369.6,21.8,3512.761723,1.156891487,79791.89497,0.374986437,0.78190505,0.143551127,0.031699109,0.02082033,0.032142189,0.083647489,2.976554,91.534783,31887,42729.56522,30.45,25,137,25,383791.3043,809.913043,0.304790785
15,3,Brooklyn,47,BK41,Kensington-Ocean Parkway,20800.55608,15893349.44,27294,22,8,0,0,0,0,0,0,0,3662.754373,1.484406604,481132.6065,0.212901078,1.271505526,0.022746707,0.049946122,0.019350399,0.019148925,0.007684484,4.721528,95.315789,43707,56565.89474,22.28,18,149,28,528678.9474,1052.789474,0.289050947
16,2,Bronx,5,BX46,Parkchester,12373.25567,9180655.401,25894,7,0,3,6.577710956,0,0,0,0,0,14143.2126,1.304602116,249929.9179,0.563638661,0.740963456,0.03261277,0.24766821,0.12533636,0.021707639,0.003994571,37.186352,94.307143,42166,49936.78571,20.92,5,30,2,331071.4286,1079.857143,0.307319627
17,3,Brooklyn,47,BK95,Erasmus,18756.70194,14522599.42,32490,2,8,0,0,5,1185.2,75.43672846,396.8,618.7,3320.358948,1.490380783,207187.9635,0.38299562,1.107385163,0.022243484,0.127793675,0.015679201,0.024565502,0.007501577,4.023191,94.23,39125,50424.55,19.41,6,165,52,441665,1018.8,0.312472604
18,5,Staten Island,85,SI12,Mariner's Harbor-Arlington-Port Ivory-Graniteville,72466.63898,89057577.29,21028,5,0,0,0,0,0,0,0,0,11446.70573,0.232126229,1600791.217,0.065652097,0.166474131,0.006708484,0.015075201,0.004736429,0.011152838,0.016816515,2.536963,94.164286,58746,71145,14.44,16,225,56,369035.7143,1177.714286,0.240571372
19,4,Queens,81,QN33,Cambria Heights,26168.26942,33076798.26,14373,6,0,3,15.75594273,4,1182.5,51.90054592,400.5,668.333333,4569.801885,0.342485577,2772661.505,0.038094694,0.304390883,0.001379296,0.012115433,0.000493879,0.000412494,0,1.142696,95.3,78145,86585.56522,5.31,1,88,45,404895.6522,1038.73913,0.159509052
20,3,Brooklyn,47,BK91,East Flatbush-Farragut,39211.41205,34362243.06,36550,4,1,3,10.65038341,0,0,0,0,0,3389.168757,0.892326329,373107.0007,0.184577105,0.707749224,0.007070669,0.030720098,0.021152655,0.015627377,0.020283283,2.377351,94.088571,49971,61800.02857,14.1,7,316,81,388180,994.428571,0.238802454
21,2,Bronx,5,BX05,Bedford Park-Fordham North,22565.48167,14998883.3,40359,6,12,2,3.88690788,0,0,0,0,0,6312.299476,2.50898945,224705.1004,0.450481383,2.058508068,0.083642899,0.171955477,0.053156951,0.008876967,0.004369343,13.68021,95.334783,27919,37765.3913,34.16,28,148,9,230769.5652,968.478261,0.416261773
22,3,Brooklyn,47,BK69,Clinton Hill,23971.46087,20528139.59,33994,120,14,3,9.52103885,3,1146,242.6190429,371.333333,9780.333333,3771.923077,1.842164352,142234.8637,0.483987776,1.359948011,0.113849764,0.058304332,0.014312093,0.022252443,0.054855302,5.351449,89.466667,51058,67075.45833,22.61,40,211,23,511858.3333,1178.25,0.276920817
23,2,Bronx,5,BX26,Highbridge,18507.41846,16457559.76,32825,4,1,4,7.905832747,0,0,0,0,0,9537.195652,1.580345033,83045.18756,0.317448351,1.262896683,0.036373794,0.050572966,0.077630737,0.033718002,0.030321119,12.682971,93.183333,24717,32792.66667,34.93,6,132,19,200338.8889,785.111111,0.381173297
24,3,Brooklyn,47,BK46,Ocean Parkway South,21975.99798,17782031.87,22274,4,6,0,0,0,0,0,0,0,4420.335264,0.900860482,923850.3412,0.12187535,0.778985133,0.018290574,0.043328075,0.006500469,0.009070219,0.010562565,2.822592,86.613636,44466,62407.13636,18.91,23,146,18,599240.9091,1074.227273,0.289899873
25,3,Brooklyn,47,BK93,Starrett City,17414.78163,11598945.82,12635,4,0,0,0,0,0,0,0,0,106204.7822,0.929133918,82694.3915,0.195022636,0.734111281,0.017459545,0.017157214,0.134002002,0,0,74.009901,91.6,41966,50890.85714,31.84,1,2,7,408257.1429,736,0.210458233
26,2,Bronx,5,BX35,Morrisania-Melrose,27740.84612,16891753.62,34833,10,2,7,16.85156579,5,1079.2,47.86648097,363.2,364.2,5133.610069,1.766487075,199272.9168,0.436639304,1.329847771,0.142741094,0.060791635,0.027553955,0.027796267,0.028270282,7.316705,90.833333,19967,30412.08333,37.85,6,107,19,293679.1667,633,0.3804285
27,2,Bronx,5,BX07,Bronxdale,17426.99897,15194896.94,22737,8,5,4,11.41226819,3,1259.666667,64.31433225,426.666667,1109.333333,10823.17797,0.966804123,115605.7277,0.157501631,0.809302492,0.079391402,0.035457127,0.008544305,0.005443253,0.001114755,21.157106,95.11875,40391,48582.6875,20.38,42,127,11,356600,917.375,0.272547075
28,4,Queens,81,QN29,Elmhurst,36705.01617,32671507.81,71896,23,20,0,0,0,0,0,0,0,3761.408827,1.668646662,73630.82838,0.467978179,1.200668483,0.036156852,0.148883285,0.104759767,0.010238027,0.007136088,5.090733,94.387179,48644,60676.17949,15.88,28,280,17,435625.641,1217.974359,0.300460802
29,4,Queens,81,QN44,Glen Oaks-Floral Park-New Hyde Park,33596.52665,45665592.06,18994,5,0,1,2.109660134,0,0,0,0,0,8474.580167,0.455948604,300058.0227,0.137360875,0.318587729,0.002592587,0.01562652,0.037858471,0.000262109,0,2.382796,94.23,73990,86694.8,8.15,4,73,21,454890,1107.3,0.179585945
30,2,Bronx,5,BX33,Longwood,18982.1293,10732451.84,24718,3,10,3,7.122805548,2,1114.5,17.67766953,372,200,5785.237458,1.729183986,75027.55724,0.406355902,1.322828084,0.089569461,0.087760133,0.049682013,0.019988889,0.004334207,8.777592,93.617647,24826,34936.29412,39.48,9,48,2,288252.9412,774.529412,0.374381575
31,1,Manhattan,61,MN32,Yorkville,17409.21012,13594779.77,81372,126,0,0,0,1,1171,0,389,0,6035.823716,5.237361604,60160.29972,0.675786632,4.561574972,0.099219582,0.1723966,0.186739205,0.015477133,0.011885704,32.947368,91.3,94834,159607.4118,9.11,2,164,5,524482.3529,1407.764706,0.178133955
32,1,Manhattan,61,MN40,Upper East Side-Carnegie Hill,23778.40641,20065329.09,101471,173,34,0,0,0,0,0,0,0,4680.728859,7.194785386,3956490.334,1.703605064,5.491180321,0.56589351,0.402207487,0.080524459,0.006135178,3.67817E-05,16.949185,80.182143,116627,212635.3571,6.03,11,204,10,293685.7143,1262.642857,0.129916565
33,3,Brooklyn,47,BK40,Windsor Terrace,19033.54016,14041611.82,21264,27,7,0,0,1,1365,0,460,0,3053.668963,1.481609932,268214.9812,0.212682256,1.268927676,0.008863314,0.033876794,0.009157899,0.007631068,0.01741079,3.706309,88.886667,55038,68030,13.42,6,53,15,564700,1095.2,0.238788614
34,4,Queens,81,QN12,Hammels-Arverne-Edgemere,83828.28529,61904806.86,23366,4,25,33,64.64039698,0,0,0,0,0,18695.80727,0.211631335,118016.838,0.032212817,0.179418518,0.001820864,0.0049024,0.001474,0.000604913,0.002282372,3.355053,90.441667,42160,54345.83333,27.36,3,150,70,350116.6667,891.416667,0.253722404
35,2,Bronx,5,BX98,Rikers Island,18914.62682,18154387.88,2325,0,0,0,0,0,0,0,0,0,17825000,0.308673604,33185.81904,0.308673604,0,0,0,0,0,0,1,23.3,19199,23398.5,0.8,0,0,0,135025,343.5,0.214695887
36,2,Bronx,5,BX27,Hunts Point,44778.61899,49734670.45,22714,2,11,5,12.78887819,4,1103.25,74.04221769,373.25,323.583333,22662.79718,0.587119097,47788.14027,0.361073429,0.22756846,0.039240647,0.019463866,0.022286457,0.136227643,0.071651315,6.182486,93.241176,22884,33170.29412,43.41,15,66,12,315911.7647,809.882353,0.424681584
37,5,Staten Island,85,SI36,Old Town-Dongan Hills-South Beach,41963.90021,67010738.14,21561,8,6,5,10.56747332,0,0,0,0,0,9819.77333,0.210092122,1425680.671,0.046770103,0.163248875,0.009277546,0.008417512,0.00123566,0.000711638,0.000227316,1.364854,95.125,63815,83015.25,12.58,3,103,26,506000,960.75,0.180661674
38,4,Queens,81,QN54,Richmond Hill,33791.5704,50978897.75,34345,17,11,7,27.00439409,1,1161,0,401,0,3559.526573,0.83030072,699882.598,0.270253953,0.560046767,0.022066005,0.035589116,0.019505239,0.02477482,0.035192994,2.000208,93.668293,54157,64583.97561,12.86,12,414,161,482585.3659,1147.146341,0.254182626
39,2,Bronx,5,BX63,West Concourse,28550.69484,19369213.37,41310,1,30,3,5.869223039,2,1130,67.88225099,371,800,21854.60353,1.710833263,160021.0125,0.742031937,0.968801325,0.119605729,0.133571882,0.201147846,0.071571214,0.039057266,23.091493,95.954545,29844,37531.63636,31.52,9,89,8,170059.0909,867.863636,0.34896111
40,4,Queens,81,QN28,Jackson Heights,29422.79229,47854895.9,62375,48,7,1,1.94540634,0,0,0,0,0,3896.889414,1.379450067,3742564.507,0.208212692,1.171237376,0.040871348,0.073555092,0.017081441,0.00274203,0.000114979,4.858971,88.057143,47409,59337,15.8,37,383,69,409514.2857,1168.028571,0.295647478
41,3,Brooklyn,47,BK42,Flatbush,38737.85262,45254811.4,69641,34,17,0,0,1,1527,0,543,0,5277.41913,1.684788415,3974140.473,0.286522002,1.398617473,0.024423532,0.062816278,0.008852153,0.002261942,0.001368917,7.103304,91.85098,44255,60053.88235,20.55,20,317,74,514235.2941,1000.647059,0.271328851
42,1,Manhattan,61,MN12,Upper West Side,29158.13258,34381053.12,95955,355,34,1,1.235417659,1,1205,0,407,0,8843.312893,3.417441562,70135.41473,0.515956964,2.89981628,0.024402371,0.104587715,0.049581827,0.004920216,0,24.636164,87.195238,85742,149814.6667,9.98,5,329,10,481171.4286,1380.52381,0.193211506
43,1,Manhattan,61,MN14,Lincoln Square,19866.05358,15805667.76,64690,134,16,0,0,7,1354.714286,264.1506605,455.285714,7964.238095,15141.47109,4.431157067,68919.13534,1.237402856,3.221136217,0.30772732,0.167045157,0.159810676,0.013382917,0,47.988223,79.914286,92055,163396.0714,10.17,4,94,10,462114.2857,974.142857,0.126985802
44,2,Bronx,5,BX34,Melrose South-Mott Haven North,19596.17495,17269793.87,36870,18,12,10,20.55478339,5,1149,136.7205178,381.8,1991.2,7086.126897,1.944444583,122966.4547,0.71869652,1.225748063,0.352561094,0.131301565,0.053255585,0.031959795,0.0114319,9.98725,93.647619,21914,32490.33333,37.35,8,89,14,240347.619,650.285714,0.356091752
45,3,Brooklyn,47,BK79,Ocean Hill,22496.51421,20078419.06,38051,6,12,1,2.920499822,2,1080,86.2670273,350.5,924.5,3125.179443,1.35151869,414550.537,0.288411353,1.063107337,0.076680435,0.050590704,0.019609188,0.009608448,0.015715573,3.829766,89.664286,32090,41250.10714,30.64,27,185,30,458610.7143,822.785714,0.307683404
46,1,Manhattan,61,MN09,Morningside Heights,20744.3137,20158317.13,45306,52,14,6,10.82240808,0,0,0,0,0,18978.02908,3.338404226,3570905.467,1.796787369,1.541616858,0.213929595,0.05531428,0.03538432,0.008283849,0.005983564,32.510746,88.257895,46060,69426.10526,19.93,3,160,9,472263.1579,976.210526,0.254331006
47,4,Queens,81,QN50,Elmhurst-Maspeth,32354.70226,21932204.49,35870,11,3,0,0,1,1178,0,427,0,3898.316012,0.939072817,11971563.29,0.305636283,0.633436533,0.015617501,0.037503141,0.093148715,0.021526468,0.042478099,2.647275,94.065217,46259,57829.26087,14.13,14,87,33,447078.2609,1181.26087,0.306429101
48,2,Bronx,5,BX55,Soundview-Bruckner,19755.3055,16260511.41,33880,9,5,5,11.39496017,0,0,0,0,0,4864.282993,1.307253855,517552.4337,0.199202288,1.108051567,0.008885609,0.054508352,0.012569239,0.015150645,0.00477649,5.799721,91.861905,33330,41441.80952,27.25,13,347,6,333628.5714,884.47619,0.318440088
49,2,Bronx,5,BX31,Allerton-Pelham Gardens,25462.68489,31684499.1,22488,8,2,3,11.01198551,0,0,0,0,0,3720.293494,0.697789349,61550.14509,0.111738378,0.586050971,0.052395325,0.02813909,0.003614009,0.001200003,0.000923249,3.247259,93.873913,57823,65869.08696,14.29,5,145,51,407860.8696,1099.26087,0.228130844
50,3,Brooklyn,47,BK27,Bath Beach,22383.26715,20538896.97,25946,12,0,2,7.233159319,0,0,0,0,0,3409.079769,1.057017305,119922.7649,0.146656678,0.910360627,0.033606827,0.046870987,0.006884851,0.008547104,0.003529864,3.230123,84.882609,41397,56458.91304,13.17,3,98,31,581069.5652,1011.304348,0.293153246
51,4,Queens,81,QN06,Jamaica Estates-Holliswood,35446.88322,42789517.09,23802,14,8,0,0,2,1478,132.9360749,511,882,8272.888208,0.448726602,145408.4494,0.06097947,0.387747132,0.010460063,0.017263449,0.002904213,0.000402132,0,2.485658,94.908696,66072,82926,9.3,4,134,33,506778.2609,1134,0.205958222
52,4,Queens,81,QN07,Hollis,20976.33588,22887772.8,19258,4,0,2,8.034373144,0,0,0,0,0,4139.995967,0.575874289,26808401.88,0.078011996,0.497862294,0.004142656,0.023359245,0.00272975,0.001103487,0.003429708,1.895671,93.213043,69163,79019,9.98,2,121,37,434100,1131.26087,0.196278585
53,4,Queens,81,QN47,Ft. Totten-Bay Terrace-Clearview,39637.6625,46297599.51,21231,3,0,0,0,0,0,0,0,0,17363.76587,0.321578017,471368.3803,0.039215597,0.28236242,0.002158783,0.009828372,0.005374762,0.000113869,0,4.242873,87.738462,73178,91991.76923,4.03,3,51,28,503346.1538,1332.076923,0.218437539
54,1,Manhattan,61,MN36,Washington Heights South,22096.3048,23100222.65,46819,80,28,4,6.17409318,1,1059,0,384,0,15961.39801,2.120178602,45932.06991,0.70128758,1.418891022,0.044659312,0.065836407,0.045847004,0.000489483,0.001400629,24.873186,91.547368,35140,50136.78947,24.98,12,204,16,263326.3158,934.631579,0.319172741
55,3,Brooklyn,47,BK58,Flatlands,40635.27537,54341763.55,42956,30,0,1,4.213169163,0,0,0,0,0,3028.362729,0.86148825,293847.5543,0.147399674,0.714088576,0.023143296,0.040463188,0.015537523,0.019424461,0.00859135,1.982277,90.861224,64327,74178.46939,9.74,7,213,261,466716.3265,1100.571429,0.205307821
56,3,Brooklyn,47,BK82,East New York,88841.25114,117153531.4,64509,13,25,7,20.51335091,3,1206.666667,87.99052979,404.333333,1122.333333,7501.679568,0.569645459,108250.9402,0.204094462,0.365550997,0.040857681,0.026990761,0.017460124,0.038209698,0.051474822,3.86449,89.735294,38094,48012.17647,27.82,64,367,131,413635.2941,961.54902,0.302900124
57,1,Manhattan,61,MN04,Hamilton Heights,17410.82346,16093787.99,33754,40,12,3,5.533966255,1,1794,0,627,0,5937.837586,2.348571096,2230736.152,0.266812931,2.081758165,0.026007574,0.081751668,0.016114054,0.003978682,0,13.756067,91.973333,30753,49137.8,26.07,14,175,10,235633.3333,810.133333,0.316114641
58,2,Bronx,5,BX30,Kingsbridge Heights,21306.51986,13167198.07,33722,9,3,2,3.956396348,0,0,0,0,0,11782.783,1.619137899,72872.49844,0.458962267,1.160175633,0.312611115,0.059540543,0.023246837,0.020857564,0.00030566,15.148477,90.626316,30445,40035.1579,28.04,16,53,5,228042.1053,879.736842,0.346748862
59,2,Bronx,5,BX43,Norwood,22148.64528,15708884.68,25989,17,13,2,4.360908813,0,0,0,0,0,40913.19372,0.45647303,152073.5792,0.111749845,0.344723185,0.006902967,0.014862398,0.026409935,0.000668088,0.001087175,14.255605,95.633333,30056,39612.4,23.05,6,144,7,209066.6667,859.133333,0.343013803
60,1,Manhattan,61,MN06,Manhattanville,17040.68573,10647077.75,23598,14,8,0,0,2,1195,159.8061325,410.5,3280.5,19775.53792,1.549788341,106553.1624,0.74848612,0.801302221,0.326688377,0.050336136,0.079803103,0.058390512,0.005815026,19.14455,93.363636,28158,45512.45455,27.35,10,33,10,205281.8182,727.454545,0.310011848
61,2,Bronx,5,BX06,Belmont,17114.4307,13557355.1,29444,6,0,2,3.805718091,6,1126.833333,31.16033804,382.833333,106.166667,8126.704418,1.278096892,55429.88017,0.441570539,0.836526353,0.193654971,0.069349925,0.053435513,0.008310052,0.00618448,7.899598,94.0875,21527,30141.375,37.99,16,80,12,318856.25,854.75,0.476481092
62,4,Queens,81,QN66,Laurelton,29501.11011,39763385.28,16574,4,0,6,23.19194385,4,1190.5,65.35288823,395.75,1021.583333,4772.877257,0.358899063,139748621.4,0.038309971,0.320589092,0.004622558,0.012981378,0.00048339,0.002888349,9.20286E-05,1.272421,95.2,76209,81785.52632,4.5,7,116,67,395905.2632,1199.631579,0.188895787
63,5,Staten Island,85,SI14,Grasmere-Arrochar-Ft. Wadsworth,40059.0637,40945224.91,23114,12,1,3,6.32788162,0,0,0,0,0,13574.31288,0.202002145,184014.0901,0.036365665,0.16563648,0.005941262,0.005347717,0.001960298,0.001555498,0.000108727,1.775635,92.723077,61026,78826.30769,11.63,7,64,25,424207.6923,972.461538,0.191221681
64,4,Queens,81,QN34,Queens Village,41782.40014,69533432.64,30230,13,0,10,36.85117544,0,0,0,0,0,3738.630215,0.502212499,3852451.278,0.085107423,0.416789094,0.00936051,0.024139874,0.007513727,0.007160914,0.00555985,1.52203,94.5,70327,81765.29412,7.85,5,223,104,426747.0588,1077.823529,0.183909469
65,4,Queens,81,QN42,Oakland Gardens,42330.08035,50976145.88,17804,13,0,2,6.216972334,1,1529,0,551,0,10017.36809,0.403253066,54674.54581,0.065573126,0.33767994,0.004233993,0.005262764,0.000133488,4.77086E-05,0,2.793869,89.335714,62269,74591.42857,8.95,8,56,27,407635.7143,969.214286,0.186780765
66,4,Queens,81,QN15,Far Rockaway-Bayswater,49201.28886,54351305.96,19140,10,1,27,50.12903585,0,0,0,0,0,10032.61249,0.421633994,43254.53416,0.073359705,0.348274289,0.006358497,0.014136687,0.001254101,0.005275939,0.002373061,3.501751,82.75,36212,52442,20.38,7,140,43,435960,840.6,0.278556517
67,4,Queens,81,QN02,Springfield Gardens North,25433.58253,28428436.86,19034,2,0,6,12.76496983,2,1180,97.5807358,400.5,1624.5,6549.695639,0.673377302,2841235.831,0.108013077,0.565364225,0.007604384,0.018749557,0.000652298,0.015742114,0.000449126,3.353624,92.318182,66468,75264.45455,8.58,0,42,41,384345.4545,1363.363636,0.246137602
68,4,Queens,81,QN08,St. Albans,45401.31661,77412748.31,38017,5,0,16,67.35581647,1,1215,0,415,0,4392.560954,0.422100947,403927.124,0.070929956,0.351170991,0.016468997,0.017985663,0.002745103,0.005305919,0.004471988,1.320259,91.068889,61977,72929.13333,9.66,5,441,89,397980,1094.422222,0.211902873
69,3,Brooklyn,47,BK50,Canarsie,43739.12998,82041754.22,44351,16,1,1,3.889440582,2,1103.5,17.67766953,361.5,24.5,5297.458324,0.545120327,143324.4366,0.118973092,0.426147235,0.017789357,0.017806009,0.006393394,0.008088177,0.004944383,2.218772,92.629787,59007,68699.82979,13.59,4,310,169,451859.5745,1107.489362,0.225224134
70,3,Brooklyn,47,BK72,Williamsburg,16874.44718,11590082.68,23430,5,7,1,2.218394404,2,1117.5,53.03300859,377.5,144.5,5112.482434,1.75689449,246611.1112,0.514693599,1.242200892,0.118778344,0.048346133,0.018852178,0.022077119,0.038827153,6.010665,92.588235,24314,36343.47059,44.91,9,44,14,491705.8824,911.058824,0.449645449
71,1,Manhattan,61,MN23,West Village,29385.03047,25000526.01,70993,197,45,0,0,3,1219.666667,127.1586935,393,1897,5594.385742,3.892758779,252300.7584,1.584988986,2.307769792,0.576696311,0.329906312,0.096504691,0.108089291,0.013421089,15.987588,89.0625,96246,160234.4167,11.36,18,292,34,411125,1216.083333,0.151622476
72,1,Manhattan,61,MN22,East Village,13539.19763,10895491.37,49585,137,8,0,0,1,1251,0,431,0,4217.089392,3.483180136,106612.2139,1.003178932,2.480001204,0.07817954,0.299143646,0.014856119,0.0223701,0.000359511,16.668057,93.75,69301,106486.2778,17.27,20,163,29,518266.6667,1017.722222,0.176225566
73,1,Manhattan,61,MN27,Chinatown,20788.88897,14501953.1,43404,131,14,2,3.680680517,10,1219.8,96.87540681,433.8,6398.622222,6583.002009,3.107450616,265462.5386,1.788344965,1.320450424,0.578112031,0.326967239,0.052114571,0.117121548,0.006203336,15.715338,93.561111,46601,71383.72222,24.6,53,119,14,405133.3333,875.277778,0.225388583
74,2,Bronx,5,BX10,Pelham Bay-Country Club-City Island,139408.5645,40248130.4,18728,11,5,0,0,0,0,0,0,0,10548.53887,0.289654668,75604.69416,0.03569301,0.253961658,0.010717043,0.011538555,0.001142592,0.000756097,0.001223284,2.471118,94.016667,58547,65726,10.67,24,609,40,396225,1146.666667,0.235023179
75,2,Bronx,5,BX62,Woodlawn-Wakefield,38709.07895,39744928.74,24693,14,5,0,0,0,0,0,0,0,3580.903185,0.795979734,324016.7506,0.106313259,0.689666475,0.014962954,0.025717703,0.010575995,0.017075559,0.013108841,2.313456,94.07619,52622,60951.66667,12.11,6,206,114,374242.8571,1086.047619,0.247662811
76,2,Bronx,5,BX01,Claremont-Bathgate,29972.77617,16451618.51,25850,0,0,3,8.934814699,8,1188.875,98.8049124,401.625,1815.982143,8741.727569,1.553949396,119472.9912,0.528259857,1.02568954,0.16120932,0.050969278,0.025805334,0.041078967,0.083733976,10.295269,86.017391,19721,27412.17391,38.12,10,65,21,176778.2609,715.043478,0.435101427
77,4,Queens,81,QN71,Old Astoria,19335.56744,15621244.14,34836,46,3,0,0,0,0,0,0,0,4989.748875,1.29923898,69385.78117,0.297093537,1.003314266,0.034893321,0.041774937,0.017261402,0.048059108,0.050102992,6.110711,81.965,45704,60383.05,13.35,7,74,33,534425,1062.35,0.27893116
78,4,Queens,81,QN70,Astoria,32530.69495,39334264.46,54866,82,14,1,3.561193169,3,1495.333333,224.0364554,512.666667,4524.333333,3550.381308,1.502208154,1010287.495,0.334601079,1.167607075,0.055734813,0.099789504,0.019609395,0.036063108,0.0209256,5.264887,87.388095,46354,58703.2381,15.04,26,334,90,534854.7619,1096.214286,0.283786491
79,1,Manhattan,61,MN50,Stuyvesant Town-Cooper Village,11000.15875,5575232.225,22364,26,2,0,0,0,0,0,0,0,552704.9167,1.850455616,175702.0599,0.118520597,1.731935018,0.003164588,0.014113016,0.098756736,0,0,941.75,95.216667,67750,88548.83333,17.18,0,25,2,202400,1331,0.235749077
80,3,Brooklyn,47,BK09,Brooklyn Heights-Cobble Hill,14255.87067,9985779.546,21677,84,12,0,0,0,0,0,0,0,5987.433099,2.961653134,115373.7353,1.285259325,1.675995909,0.631490016,0.105087828,0.223046863,0.020991384,0,10.693662,81.30625,80979,122542.25,6.84,1,60,9,416356.25,1071.625,0.158801043
81,3,Brooklyn,47,BK30,Dyker Heights,30562.58351,29908238.23,34636,38,0,0,0,0,0,0,0,0,2847.147548,1.037527753,468971.2579,0.146833577,0.890761127,0.038347886,0.042484796,0.002829551,0.001745509,0.002389004,2.311869,83.475758,50680,66269.84849,15.45,17,174,41,601203.0303,1155.454545,0.27358829
82,3,Brooklyn,47,BK28,Bensonhurst West,37136.96325,46666292.79,67036,39,26,1,2.987225219,3,1240,61.79805822,426.666667,1684.333333,3052.841893,1.244470749,182760.6412,0.195238608,1.049232141,0.032978552,0.090302566,0.005243917,0.013205748,0.015403052,3.214272,88.886275,41414,57659.11765,16.53,58,271,48,645609.8039,1034.333333,0.299702008
83,5,Staten Island,85,SI22,West New Brighton-New Brighton-St. George,67956.50587,56064920.46,29816,24,2,3,8.422127224,3,1265.333333,42.253205,434.666667,36.333333,9223.450664,0.404927599,313191.0418,0.141920981,0.263006619,0.047240159,0.008970814,0.015126671,0.008621477,0.020193489,2.32392,90.618182,59798,73324,20.47,2,198,54,390359.0909,1127.681818,0.226299094
84,5,Staten Island,85,SI35,New Brighton-Silver Lake,30322.52369,47140398.51,20658,3,0,4,12.57071025,0,0,0,0,0,7819.186816,0.300824428,4921759.83,0.061334179,0.239490249,0.016842898,0.023621878,0.001043245,0.000461623,0,2.434078,91.541176,62741,77142.11765,17.31,1,101,30,413305.8824,1139.529412,0.217949439
85,4,Queens,81,QN61,Jamaica,43696.36525,47308036.15,43845,13,27,10,27.81060975,0,0,0,0,0,5438.748906,1.056403115,210370.997,0.548745128,0.507657987,0.123299836,0.113083364,0.052675964,0.054689447,0.047718375,3.821172,90.502778,49474,61057.63889,15.74,41,362,83,441761.1111,1058.5,0.25673904
86,5,Staten Island,85,SI48,Arden Heights,29689.45445,50407328.9,18053,6,0,3,5.575171901,0,0,0,0,0,4651.655427,0.400687531,258249658.1,0.012841035,0.387846496,0.003379779,0.007619522,5.57586E-06,5.01828E-05,0,1.191804,94.088889,76829,88657.22222,4.3,1,79,28,446255.5556,987.555556,0.154247534
87,5,Staten Island,85,SI07,Westerleigh,41649.91806,63293571.53,28249,6,0,0,0,0,0,0,0,0,6101.499736,0.303451154,90311.29553,0.043312166,0.260138988,0.016737656,0.014362036,0.000564594,0.000518182,0,1.345717,94.931579,76764,91186.05263,9.95,7,72,29,470168.4211,1261.473684,0.197196483
88,5,Staten Island,85,SI28,Port Richmond,38925.85394,36421059.73,18371,4,0,0,0,1,1304,0,442,0,5623.488745,0.385592513,93854.36794,0.09642826,0.289164253,0.019609511,0.032170081,0.005814577,0.008405649,0.003064581,1.490621,93.683333,67264,80479.33333,12.76,8,118,16,410858.3333,1304.583333,0.232741094
89,2,Bronx,5,BX36,University Heights-Morris Heights,24298.14112,21251406.37,35384,14,3,9,21.01617077,0,0,0,0,0,8598.648568,1.674832068,57711.48871,0.285106342,1.389725727,0.145014046,0.041713138,0.035005987,0.005864759,0.00116228,19.208234,88.829167,25327,33839.58333,33.61,2,97,20,276433.3333,807.833333,0.382755472
90,4,Queens,81,QN46,Bayside-Bayside Hills,43014.8053,80797535.8,40200,23,0,2,6.70588594,1,1470,0,531,0,5095.71563,0.453180666,77031.46996,0.07674242,0.376438246,0.016773432,0.019329184,0.003074138,0.000802147,0.000309916,1.593953,92.390909,66811,82159.0303,6.05,7,179,44,543275.7576,1241.151515,0.222923428
91,4,Queens,81,QN45,Douglas Manor-Douglaston-Little Neck,45832.62419,68567677.5,14878,9,0,3,8.033203909,0,0,0,0,0,11018.12955,0.270740742,115365.61,0.038757743,0.231982999,0.006816324,0.013465559,0.001452606,0.000124106,5.26353E-05,1.821913,86.3,76599,89329.7,7.43,1,111,22,525910,1177,0.184387867
92,2,Bronx,5,BX14,East Concourse-Concourse Village,27275.79206,18232621.98,47843,7,5,5,10.39323549,9,1159.111111,78.2567001,392.444444,943.777778,7347.63038,2.389035525,20291968.25,0.678375858,1.710659667,0.269102688,0.077436315,0.072532986,0.013718622,0.019969324,14.14557,92.064286,24133,32012.03571,33.15,12,158,3,220714.2857,791.571429,0.393610897
93,4,Queens,81,QN26,North Corona,18431.05938,18000867.96,24189,5,8,0,0,0,0,0,0,0,3706.121341,0.936511396,636123.999,0.179423557,0.759667535,0.023403457,0.068431235,0.008388572,0.005371838,0.008026197,3.283463,91.43,45486,56783,19.85,10,306,39,536805,1190.45,0.314058708
94,1,Manhattan,61,MN19,Turtle Bay-East Midtown,21638.78121,17397872.04,62815,239,20,0,0,1,1268,0,423,0,9074.027778,9.478482993,242842.1149,5.810713981,3.667769013,4.504657497,0.346632951,0.210736759,0.045622292,0,39.022876,76.247619,85468,134935.4286,5.03,1,98,19,426895.2381,725.428571,0.1018526
95,1,Manhattan,61,MN31,Lenox Hill-Roosevelt Island,37707.54162,21500080.72,95397,146,3,0,0,5,1400.8,216.9025127,473.6,5460.3,11740.13383,4.23650307,69623.74847,1.284384388,2.952118681,0.370915894,0.185669403,0.134992603,0.028998548,0.001067415,45.356134,86.926316,102932,174486.3684,6.95,4,137,6,412089.4737,1457.210526,0.169883736
96,4,Queens,81,QN37,Kew Gardens Hills,33109.32204,37891124.38,31354,14,0,0,0,2,1600.5,456.0838739,533,24642,8774.699691,0.570183434,6356699.756,0.147464967,0.422718468,0.02006801,0.011110936,0.004594112,0.000136221,0,3.547161,95.8,52377,63876.7,11.39,4,127,32,371645,1041.3,0.238569909
97,4,Queens,81,QN38,Pomonok-Flushing Heights-Hillcrest,30731.59202,38835956.88,28485,12,0,3,7.919447902,0,0,0,0,0,6469.351929,0.704110037,8400518.19,0.233698822,0.470769668,0.018051102,0.016325196,0.009824712,0.000270875,0.00011989,2.591871,95.2,64455,79899.04762,11.09,2,139,44,535285.7143,1140.047619,0.212249337
98,3,Brooklyn,47,BK73,North Side-South Side,28145.42884,28868408.35,54125,160,16,0,0,4,1125.5,51.00653553,378.75,216.25,5967.644979,1.67411897,5163179.587,0.503018232,1.171114816,0.071930649,0.115941481,0.046945658,0.059875733,0.135907042,8.313437,91.637931,44885,63184.41379,26.63,91,268,89,547127.5862,1072.172414,0.286645402
99,1,Manhattan,61,MN28,Lower East Side,25469.23579,23297615.81,66974,116,5,1,1.698201322,4,1497,347.7307388,508.75,10144.25,16529.71986,1.986281319,123046.8389,0.364193144,1.622088175,0.022935639,0.053080353,0.013111029,0.009958261,0.000243061,34.120567,92.9625,46185,68219.66667,23.04,35,188,32,454166.6667,955.708333,0.248318793
100,2,Bronx,5,BX09,Soundview-Castle Hill-Clason Point-Harding Park,67150.47785,51958970.62,29026,3,0,9,24.66552059,7,1132.857143,57.34814316,378.714286,332.904762,10930.28596,0.591265438,238386.1075,0.13404702,0.457218418,0.016309418,0.024785986,0.013022027,0.016144106,0.013351149,4.888753,92.327273,35895,47252.86364,23.24,4,123,73,333881.8182,811.5,0.271293671
101,3,Brooklyn,47,BK76,Greenpoint,29054.4234,35337582.96,36572,67,11,1,2.956414011,2,1151.5,13.43502884,415,338,5304.535662,1.063975744,608311.8233,0.459762147,0.604995697,0.050042902,0.049285459,0.017169831,0.062525069,0.201590019,4.16178,91.119048,60011,76525.42857,13.46,50,158,42,614828.5714,1166.761905,0.233310903
102,2,Bronx,5,BX29,Spuyten Duyvil-Kingsbridge,27990.45943,23220349.4,30486,21,9,0,0,1,1227,0,411,0,13249.46568,1.276591968,106376.4215,0.265369722,1.016031377,0.037191798,0.068521528,0.061538819,0.002792448,0.000759457,12.482059,88.389474,55897,71423.57895,11.81,17,92,11,277594.7368,979.263158,0.210228182
103,3,Brooklyn,47,BK33,Carroll Gardens-Columbia Street-Red Hook,60784.8841,44615921.64,28682,94,6,1,3.302564441,3,1134,7.211102551,383,189,6571.239278,0.911797398,90508.07697,0.386700037,0.52488202,0.055763864,0.043523581,0.021133792,0.046542778,0.098039208,3.914596,88.815,74921,105645.15,10.26,10,138,32,464100,1343.4,0.215172082
104,3,Brooklyn,47,BK38,DUMBO-Vinegar Hill-Downtown Brooklyn-Boerum Hill,32366.18473,28461456.5,54507,177,44,3,8.420587059,8,1175.125,69.4703174,390.125,828.696429,9336.116679,2.20231246,119513.5109,1.434923008,0.767623849,0.565618814,0.172344596,0.085248849,0.132632852,0.061389677,9.012436,90.857576,59494,85300.06061,17.41,29,303,23,422403.0303,1031.454545,0.208044154
105,5,Staten Island,85,SI99,park-cemetery-etc-Staten Island,46186.20678,24000715,5028,0,0,0,0,0,0,0,0,0,3349017.333,0.00056529,83958.76573,0.00056529,0,0,0,0,0,0,0.166667,70.6,58174,69860,2.65,0,1,0,346825,884.25,0.182401857
106,3,Brooklyn,47,BK34,Sunset Park East,25948.76802,27125857.41,41203,29,4,0,0,1,1126,0,382,0,3021.611456,1.426628052,614102.1024,0.332152324,1.093665999,0.093255511,0.088206764,0.023540163,0.01073598,0.043208803,3.680124,90.818182,34022,47223,27.8,108,177,38,571860.6061,991.030303,0.34954642
107,1,Manhattan,61,MN01,Marble Hill-Inwood,31843.10984,17725321.26,29463,50,20,1,1.975643142,5,1189.6,35.5569965,408,296,28027.92468,0.935991341,179852.8619,0.184721388,0.751269953,0.015364315,0.045255516,0.01991613,0.031269279,0.002536107,25.272727,85.464286,37740,47456.78571,17.61,22,104,7,177085.7143,861.071429,0.273789561
108,1,Manhattan,61,MN35,Washington Heights North,26623.87372,22662313.15,43581,43,12,1,1.587791646,4,1142.5,33.9460356,391.25,319.583333,35125.11897,0.974057754,85072.80112,0.197977402,0.776080352,0.011953676,0.036443362,0.01514068,0.002119056,0.002498811,31.034792,86.866667,36821,49863.33333,21.83,6,173,7,253633.3333,927.111111,0.302149611
109,4,Queens,81,QN72,Steinway,42973.16066,57765988.64,32029,39,7,0,0,0,0,0,0,0,8890.011791,0.420797877,47199.56111,0.118212318,0.302585559,0.011246716,0.017178289,0.005853556,0.0164966,0.017646248,3.221926,77.415385,47093,57217.30769,11.43,36,172,41,543400,1083.192308,0.276013584
110,2,Bronx,5,BX39,Mott Haven-Port Morris,35601.1836,41903939.5,38400,8,26,4,9.341254717,5,1157.2,115.7009075,389.6,1208.8,12428.96191,1.19059204,223033.8162,0.500467847,0.690124192,0.0769144,0.039340799,0.029016566,0.107729149,0.17346258,9.375793,89.944,21668,31402.24,41.03,50,163,20,169468,602.12,0.333465635
111,1,Manhattan,61,MN03,Central Harlem North-Polo Grounds,28114.98323,25403425.41,55368,38,15,6,13.95336819,6,1230.333333,107.1814661,412.833333,1730.166667,6255.77533,2.686533361,45316.70189,0.584627761,2.101905599,0.046488261,0.081154965,0.025382654,0.015364539,0.006847124,15.340675,89.12963,31385,47547.66667,24.72,13,276,17,269400,719.296296,0.275022333
112,1,Manhattan,61,MN11,Central Harlem South,16619.29601,14436192.7,38829,69,18,5,12.42353609,2,1175,77.78174593,391.5,684.5,4589.335385,3.109800157,251722.0157,0.774077784,2.335722372,0.195890048,0.21990805,0.040826648,0.018138932,0.001583046,11.814872,86.004762,32617,49589.28571,24.55,21,222,14,396752.381,715.047619,0.263067072
113,2,Bronx,5,BX49,Pelham Parkway,25817.17279,23032562.05,30389,17,4,1,3.456796446,1,1214,0,403,0,5509.118306,1.399793361,154181.9937,0.406309069,0.993484292,0.061010065,0.044879895,0.045598957,0.009836065,0.008319578,5.346617,94.148148,54246,62129.74074,14.94,24,90,61,389055.5556,1090.740741,0.241289774
114,4,Queens,81,QN30,Maspeth,41260.37925,35632834.06,27842,6,0,0,0,0,0,0,0,0,4097.381107,0.724272154,1951677.485,0.271192756,0.453079398,0.01672086,0.021647308,0.007816027,0.068614001,0.106001684,1.894613,91.603448,51194,61844.62069,8.88,12,198,130,498572.4138,1101.241379,0.25813335
115,4,Queens,81,QN68,Queensbridge-Ravenswood-Long Island City,27067.65294,23317083.72,22092,32,14,0,0,0,0,0,0,0,9364.226128,1.113044483,53626.05788,0.673537889,0.439506594,0.150781051,0.038927204,0.050217977,0.118715707,0.198760017,9.817809,84.266667,38375,49625.16667,19.37,9,97,64,424938.8889,752.944444,0.235450812
116,4,Queens,81,QN63,Woodside,27872.05861,28246377.91,36174,25,11,0,0,0,0,0,0,0,4050.536034,1.217013897,719093.2698,0.309223217,0.90779068,0.041304989,0.060889809,0.029040718,0.049805461,0.071446555,4.174517,89.661538,47104,57665.65385,11.37,12,113,39,415011.5385,1110.423077,0.282887469
117,4,Queens,81,QN23,College Point,59485.12578,50626759.2,9883,16,0,0,0,0,0,0,0,0,9725.459521,0.373166832,46216.23036,0.167583412,0.20558342,0.029434766,0.011125557,0.010289404,0.012290438,0.067850248,1.857084,93.585714,64970,76991,9.27,18,138,69,578571.4286,1389.142857,0.256576691
118,3,Brooklyn,47,BK83,Cypress Hills-City Line,35597.56178,27609992.44,35814,4,7,0,0,0,0,0,0,0,3297.848198,0.851059792,2073056.161,0.153766121,0.697293671,0.01812942,0.046005649,0.011836368,0.015529949,0.013918423,2.28384,90.880556,39054,48606.63889,22.19,57,184,49,438077.7778,1060.416667,0.325827425
119,4,Queens,81,QN10,Breezy Point-Belle Harbor-Rockaway Park-Broad Channel,113896.8023,99530069.7,18033,14,10,4,14.69661978,1,1298,0,423,0,28718.32587,0.192828894,149214.2703,0.102794864,0.09003403,0.001478839,0.003007304,0.000271821,0.002576882,0.001062785,2.69788,68.8,50928,60992.28571,6.27,2,151,10,364871.4286,653,0.153864495
120,4,Queens,81,QN17,Forest Hills,36183.04029,57828033.5,57293,45,15,0,0,1,1421,0,491,0,5656.184579,1.264927039,49641.45809,0.180812453,1.084114586,0.046430268,0.045309702,0.033810573,0.001553293,7.00281E-05,5.757196,94.441667,63734,82892.25,7.81,13,259,29,380563.8889,1203.083333,0.2265194
121,4,Queens,81,QN19,Glendale,41377.06143,29970302.41,22759,13,0,0,0,0,0,0,0,0,6951.537086,0.405695158,161380.245,0.095537233,0.310157925,0.005334977,0.030921801,0.013876742,0.014946437,0.009211124,2.045804,90.457692,46429,59001.15385,10.67,5,132,72,454292.3077,1038.961538,0.268531566
122,5,Staten Island,85,SI45,New Dorp-Midland Beach,34339.06973,55434866.84,17556,9,7,3,6.715014773,2,1619.5,436.284884,559.5,25764.5,9734.364577,0.196763634,230518.8382,0.04523714,0.151401123,0.006099263,0.018341815,0.001132249,0.000690589,0.00010782,1.631633,94.49,75173,92351.6,7.35,3,111,16,508130,1228.7,0.196140615
123,4,Queens,81,QN98,Airport,134834.6499,227687833.4,14304,0,0,0,0,0,0,0,0,0,7280252.342,0.068306966,474367500,0.068306966,0,1.34755E-05,5.63312E-05,0.009678055,0,0,3.657895,67.290909,42059,48007.09091,7.11,0,0,2,298727.2727,924.454545,0.263762201
124,4,Queens,81,QN03,Springfield Gardens South-Brookville,45266.74227,43261498.2,19444,2,0,1,2.82847778,0,0,0,0,0,57507.6013,0.111646046,81913.62541,0.083762567,0.027920156,0.004365111,0.000597887,0.010857852,0.003506872,0.00439006,1.434296,87.888235,66604,73731.76471,6.21,2,91,58,384141.1765,1263.117647,0.227576705
125,4,Queens,81,QN25,Corona,23870.15453,20080371.7,33592,16,1,0,0,1,1098,0,372,0,4037.710779,1.316034729,51336.08149,0.232385514,1.083649214,0.060954687,0.038475776,0.036553464,0.005549931,0.020574771,4.72572,93.478261,44620,56489.52174,18.55,10,99,24,497286.9565,1197.391304,0.322021776
126,2,Bronx,5,BX22,North Riverdale-Fieldston-Riverdale,31856.09414,49046260.13,20016,15,0,0,0,1,1424,0,479,0,18959.42181,0.453486247,213819.2861,0.099258032,0.354228215,0.004417774,0.004117436,0.013240233,0.000194416,0,5.407407,86.006667,65736,85274.6,6.85,7,42,25,352900,1024.933333,0.187099535
127,4,Queens,81,QN31,Hunters Point-Sunnyside-West Maspeth,74586.27203,102393832.6,52475,82,52,1,3.310780411,8,1328.375,165.1094334,459,1971.714286,13158.87366,1.024045553,36955.98102,0.640026228,0.384069838,0.120070863,0.041668701,0.038030302,0.171837252,0.171201254,8.17434,88.446154,49669,60420.71795,11.99,36,227,50,420566.6667,978.974359,0.236520949
128,2,Bronx,5,BX28,Van Cortlandt Village,22003.83993,25673275.27,36054,13,6,0,0,9,1286.333333,382.6189358,435.777778,17746.19444,30357.52417,0.625209431,97025.85879,0.12531619,0.499893241,0.023467159,0.008431691,0.004346663,0.000693249,0,14.510574,95.661905,33093,42914,24.42,24,129,9,184019.0476,918.619048,0.333109334
129,4,Queens,81,QN05,Rosedale,63238.29441,61601440.71,16098,4,0,6,19.07032181,0,0,0,0,0,46651.73842,0.107715618,66921.52325,0.071619563,0.036096056,0.002125797,0.000924291,0.010277788,0.001365823,9.37682E-06,1.442768,89.35,79000,84312.8125,4.16,2,133,66,409487.5,1272.3125,0.193261588
130,4,Queens,81,QN57,Lindenwood-Howard Beach,78438.72827,63900926.86,22017,4,4,0,0,0,0,0,0,0,44364.03265,0.12277169,56232.55811,0.069086332,0.053685358,0.000688239,0.00210647,0.010309686,7.38918E-05,2.989E-06,1.862755,84.892308,49288,57324.46154,15.72,1,179,66,421223.0769,933.615385,0.227304154
131,2,Bronx,5,BX03,Eastchester-Edenwald-Baychester,59165.00512,40256749.49,41214,12,1,5,10.72201089,0,0,0,0,0,25047.01793,0.140481203,1268183.628,0.031806274,0.108674929,0.002247883,0.004404034,0.005646462,0.003332496,0.003379999,2.510305,94.434783,50549,58002.78261,13.12,3,137,81,353860.8696,980.521739,0.232771612
132,2,Bronx,5,BX13,Co-op City,30338.27627,39875760.03,30708,2,2,0,0,2,1118,35.35533906,375,162,33877.75235,0.732288545,2373702.683,0.223329817,0.508958728,0.043836413,0.055788154,0.087525145,0.010436682,0.005108863,14.721003,95.833333,46981,54100.5,11.29,0,79,48,308433.3333,866.916667,0.221432296
133,3,Brooklyn,47,BK31,Bay Ridge,44373.86636,67120694.2,48723,62,14,0,0,3,1288.333333,86.26316324,456.666667,1486.333333,6830.094813,0.71955285,228446.7979,0.119253995,0.60040395,0.036034238,0.033895583,0.006981589,0.00108432,0.000569901,4.014965,86.9625,52169,70447.425,13.65,88,286,92,514705,1113.35,0.256093388
134,3,Brooklyn,47,BK32,Sunset Park West,84583.61133,50067191.23,36624,27,20,0,0,1,1365,0,494,0,6693.883733,1.306110685,54784.60904,0.910543291,0.395335718,0.041743887,0.046775049,0.018077679,0.165454339,0.245173438,3.300635,90.478125,43582,56180.71875,18.92,65,158,35,539750,1039,0.286083461
135,1,Manhattan,61,MN24,SoHo-TriBeCa-Civic Center-Little Italy,24284.70044,24859568.52,58317,441,79,3,6.193284325,1,1181,0,412,0,6225.544574,5.920484801,71486.49282,3.872501844,2.048804568,2.436102604,0.556086988,0.101955696,0.263180982,0.047015948,13.800323,90.908696,89304,153645.2174,14.4,45,381,47,275739.1304,909.521739,0.122214871
136,1,Manhattan,61,MN25,Battery Park City-Lower Manhattan,45700.0068,19056256.58,41759,208,81,0,0,7,1417.142857,333.5188293,489.714286,15488.90476,28115.51191,7.41028408,218933.0099,5.690052716,1.721563816,4.413055142,0.256884424,0.067240764,0.049790402,0,53.018707,82.270588,91055,138235.9412,10.42,3,94,9,380764.7059,376.470588,0.049614583
137,1,Manhattan,61,MN15,Clinton,35037.17158,18381380.31,52144,276,13,0,0,9,1229.888889,131.5222837,418.666667,1493.5,10196.43836,3.942310031,66750.32395,2.064326113,1.88154385,0.743425182,0.228913668,0.293441908,0.219411156,0.027671964,29.875342,84.46875,62846,95105.25,16.16,0,189,76,454331.25,816.25,0.15585764
138,1,Manhattan,61,MN99,park-cemetery-etc-Manhattan,155007.5367,91524890.85,143944,15,6,1,2.094635638,0,0,0,0,0,3328030.643,0.06272224,134218.0157,0.060924104,0.001798135,0,0,3.21941E-05,0,0,11.285714,81.336667,66149,114730.9833,17.75,0,18,2,275926.6667,762.816667,0.138380626
139,4,Queens,81,QN35,Briarwood-Jamaica Hills,30081.93235,29408863.06,26326,11,11,1,2.775611626,0,0,0,0,0,5076.34952,0.925981566,215251.654,0.201266641,0.724785363,0.033334506,0.021938233,0.016154107,0.00110159,0.001404162,3.826539,94.480952,51326,63149.61905,12.69,4,221,39,465404.7619,1135.47619,0.265474164
140,4,Queens,81,QN60,Kew Gardens,21357.6182,20455799.66,22652,39,6,0,0,0,0,0,0,0,7264.025656,1.178235718,206091.8378,0.250248737,0.927986981,0.076238487,0.027938873,0.050355222,0.008199839,0,6.606802,93.97,58650,75935.45,9.5,9,62,9,381385,1055.5,0.215959816
141,4,Queens,81,QN22,Flushing,38378.32525,37867499.4,48713,44,10,2,4.078847255,2,1275.5,126.5721138,440,4050,14724.85154,0.994029854,97124.62057,0.385535369,0.611443804,0.077122177,0.103066784,0.049639936,0.013532661,0.030411851,11.117292,92.230769,43204,55887.57692,17.17,13,187,8,405565.3846,1144.730769,0.317952178
142,4,Queens,81,QN62,Queensboro Hill,30569.78866,26553148.43,26966,6,0,0,0,0,0,0,0,0,6173.124249,0.351675901,573619.1747,0.057452502,0.294223399,0.010622108,0.008886693,0.006836272,0.000402325,5.61175E-05,1.566744,89.470588,46280,55222.17647,11.36,2,66,48,414605.8824,1045.882353,0.271187475
143,4,Queens,81,QN76,Baisley Park,31475.18525,44042883.84,30777,4,0,3,11.0982659,0,0,0,0,0,3830.491643,0.487309071,14230218.22,0.085522524,0.401786547,0.003039941,0.012582329,0.003246266,0.003434014,0.001547141,1.529501,91.384375,59138,68453.1875,12.33,1,233,84,395246.875,1181.28125,0.239701839
144,4,Queens,81,QN01,South Jamaica,32122.55209,39971928.88,22776,6,0,26,111.0701922,1,1875,0,650,0,3675.47752,0.57562334,8831406.113,0.109259945,0.468451434,0.004853359,0.013441292,0.005305597,0.020104336,0.010120761,1.751174,87.575862,49265,61121.72414,16.71,3,309,118,400741.3793,1061.413793,0.258538579
145,4,Queens,81,QN55,South Ozone Park,36709.124,82466322.94,39121,21,11,7,24.1895302,0,0,0,0,0,3656.045328,0.542730582,862627.3884,0.103253708,0.439476874,0.006905307,0.028338017,0.020285012,0.002424352,0.000901833,1.561512,91.390698,55846,66274.13954,11.49,17,407,182,442646.5116,1173.465116,0.252149909
146,4,Queens,81,QN56,Ozone Park,24733.07595,25028558.36,20935,6,13,0,0,1,1227,0,424,0,3551.967413,0.587968114,214180.3776,0.107683647,0.480284467,0.006551675,0.028883365,0.005285115,0.015274302,0.00767519,1.718023,94.3,51515,62121.83333,13.25,6,150,61,471100,1185,0.276038785
147,3,Brooklyn,47,BK45,Georgetown-Marine Park-Bergen Beach-Mill Basin,92269.46924,69328952.83,27342,17,0,0,0,0,0,0,0,0,5049.066512,0.502370276,95542.89585,0.102868672,0.399501604,0.01451005,0.041713198,0.027775533,0.001183405,0.001916785,1.573342,85.842424,72418,83111.36364,6.35,7,200,144,493900,1153.272727,0.191102664
148,5,Staten Island,85,SI54,Great Kills,66118.13009,89601892.16,27449,6,4,1,2.247254136,0,0,0,0,0,7268.948025,0.262942216,2469582.814,0.028777777,0.234164439,0.004180041,0.009586969,0.000405985,0.000517257,1.10686E-05,1.302196,88.98125,80724,95160.9375,4.44,3,141,49,488656.25,1119.625,0.166438522
149,5,Staten Island,85,SI11,Charleston-Richmond Valley-Tottenville,84931.54642,145851676.8,16442,6,13,3,5.314672926,0,0,0,0,0,18953.60941,0.135059724,71746.82613,0.036333518,0.098726206,0.004178581,0.010087553,0.001674696,0.00310485,0.002991422,1.152636,92.3375,76853,90107,3.9,1,88,34,506537.5,1108.75,0.173123841
150,5,Staten Island,85,SI01,Annadale-Huguenot-Prince's Bay-Eltingville,71277.87844,140799171.9,35283,8,6,3,6.088052463,3,1229,178.5021008,439.333333,1374.333333,12975.36587,0.173343358,54321.82376,0.021994803,0.151348555,0.007012542,0.001697831,9.21623E-05,0.000151425,0,1.168853,93.7,83608,99908.47368,4.18,0,96,42,537663.1579,1066.789474,0.153112542
151,5,Staten Island,85,SI32,Rossville-Woodrow,33239.33883,64959666.39,21139,8,0,0,0,0,0,0,0,0,8547.649516,0.293400908,406219.4558,0.01542837,0.277972538,0.00221178,0.005148851,0.00082953,0.002520534,0.00014432,1.420939,93.37,81087,93367.9,4.21,1,50,23,523000,1074,0.158940397
152,3,Brooklyn,47,BK19,Brighton Beach,21058.80934,17181121.93,33967,22,11,5,14.25923285,1,1139,0,393,0,7888.034288,0.98044229,111038.3551,0.169394752,0.811047539,0.093998718,0.037050824,0.01013371,0.003252408,0.000448952,7.083905,91.01,42715,60404.85,20.1,4,133,18,410570,964.8,0.271040104
153,3,Brooklyn,47,BK29,Bensonhurst East,33920.67693,35776108.82,50909,15,13,3,8.85244374,2,1141.5,51.61879503,411,512,3253.248414,1.103385539,68986.05355,0.163109801,0.94106005,0.031222871,0.051158849,0.008108724,0.003068121,0.005283902,3.18165,89.084211,41385,57795.92105,16.46,33,227,50,622421.0526,1007.684211,0.292186387
154,2,Bronx,5,BX08,West Farms-Bronx River,17463.66271,15081849.85,26012,4,4,5,11.24796131,3,1031.333333,110.9609541,352.333333,721.333333,4056.573629,1.508646178,66912.20945,0.180382734,1.328263444,0.010354124,0.051215936,0.009778107,0.003758576,0.007453709,11.140009,93.4125,33550,42862.125,32.47,6,98,11,351812.5,967.625,0.346097314
155,2,Bronx,5,BX75,Crotona Park East,24754.75969,16316221.11,29014,3,7,1,2.681422617,3,1087.666667,107.3607625,360,1036,6941.377451,1.32547704,157143.2727,0.413592191,0.911884849,0.140141305,0.07103655,0.034806078,0.055466614,0.047987782,7.156046,89.136364,22609,33175.13636,38.85,3,61,4,386800,821.727273,0.436151327
156,3,Brooklyn,47,BK60,Prospect Lefferts Gardens-Wingate,29580.51288,31643193.16,52841,72,10,4,10.74787282,4,1155.25,75.68520331,396.5,448.333333,4520.208937,1.627623102,394838.4581,0.383978699,1.242368941,0.062907903,0.071012295,0.01962607,0.013732972,0.004975051,5.742502,92.225,37770,49478.16667,20.85,14,364,58,468080.5556,952.888889,0.302746687
157,3,Brooklyn,47,BK99,park-cemetery-etc-Brooklyn,394300.7228,228970412.9,91297,5,4,0,0,1,1178,0,402,0,2709579.804,0.075481689,203267.3241,0.074853616,0.000628074,0.003733668,0.000163039,0.000447442,0.001498163,0.002327349,1.922619,85.241975,47919,60152.98765,14.56,2,44,6,440938.2716,959.91358,0.240385468
158,3,Brooklyn,47,BK17,Sheepshead Bay-Gerritsen Beach-Manhattan Beach,91064.63692,63343337.72,50123,81,3,9,27.68053407,2,1428,356.3818177,497,13122,4755.433993,0.799454051,1552922.829,0.142123153,0.657330898,0.032233188,0.04051667,0.013526746,0.003219419,0.001090088,2.899102,84.947059,51427,66727.61765,13.96,27,316,188,463938.2353,997.617647,0.232783898
159,3,Brooklyn,47,BK25,Homecrest,27514.02311,29991967.49,44076,32,2,3,10.09091433,0,0,0,0,0,3410.807971,1.255149073,312309.5424,0.200464281,1.056680791,0.055918084,0.077190332,0.011386591,0.003724915,0.001833068,3.215839,87.4,43556,58905.68571,14.68,16,209,30,578268.5714,1053.714286,0.290307409
160,2,Bronx,5,BX52,Schuylerville-Throgs Neck-Edgewater Park,91003.48775,88574289.13,26236,15,0,1,3.370769302,2,1191.5,74.24621202,404,1682,8391.206913,0.330304626,764401.4391,0.053902252,0.276402374,0.010554914,0.009098135,0.00088859,0.000997242,0.000111163,2.17319,92.972727,54637,63068.04546,14.43,11,494,78,392286.3636,1050,0.230614489
161,4,Queens,81,QN49,Whitestone,56927.91495,69043735.19,28924,6,0,0,0,1,1382,0,471,0,10924.58281,0.251654444,496330.2174,0.044308597,0.207345847,0.007280546,0.012765963,0.001923285,0.004116531,0.004268535,1.599824,94.847059,72090,86072.64706,6.23,4,113,79,569511.7647,1483.470588,0.246938039
162,3,Brooklyn,47,BK21,Seagate-Coney Island,51802.47821,38727121.38,29634,3,1,18,44.34111869,1,1133,0,351,0,13812.32954,0.410918955,90162.74143,0.090789399,0.320129556,0.017794577,0.026625543,0.006493606,0.007172126,0.00406503,5.355395,94.89375,33793,44866.6875,25.79,3,53,14,332400,759.6875,0.269767407
163,3,Brooklyn,47,BK23,West Brighton,14114.53705,8745781.953,22211,11,7,0,0,2,1249.5,70.00357134,444,450,79036.93671,1.800479763,105045.9295,0.24640282,1.554076943,0.136959518,0.053562843,0.000343374,2.43437E-05,0.001351715,124.746835,93.307692,37364,49047.30769,22.51,0,12,1,392176.9231,850.153846,0.27303833
164,3,Brooklyn,47,BK26,Gravesend,39922.76297,31341299.42,26920,6,11,13,35.30351438,1,1275,0,465,0,7517.202226,0.635435392,29667.20049,0.119407226,0.515175728,0.052595761,0.025933777,0.008585882,0.005559649,0.005489307,4.029889,89.658824,40756,56075.82353,15.16,10,93,53,550417.6471,954.058824,0.280910504
165,2,Bronx,5,BX37,Van Nest-Morris Park-Westchester Square,42861.77134,36303791.24,42694,8,3,1,3.182418076,0,0,0,0,0,5124.018357,0.951195648,396499.1382,0.455682663,0.495512985,0.215375105,0.044959525,0.042775296,0.025470791,0.022090245,2.707971,93.488235,44929,51951.64706,19.27,70,393,57,377717.6471,1028.5,0.274700802
166,2,Bronx,5,BX59,Westchester-Unionport,26557.40898,23945209.56,29200,11,4,0,0,0,0,0,0,0,4711.616877,0.942567173,210927.6627,0.297004174,0.645562999,0.057932415,0.03307782,0.027912518,0.027222194,0.054271758,3.058824,93.61,41610,49932.75,23.23,11,188,9,387495,1011.75,0.291784328
167,5,Staten Island,85,SI25,Oakwood-Oakwood Beach,44304.2011,55951867.55,18379,9,5,0,0,0,0,0,0,0,10900.13392,0.173726102,1349137.833,0.015269114,0.158456988,0.001290656,0.003202881,4.35014E-05,3.98879E-05,0,1.339646,87.016667,73892,88728.33333,4.08,1,53,31,475125,1147.333333,0.186325569
168,1,Manhattan,61,MN17,Midtown-Midtown South,27035.73836,30192067.9,85837,310,141,4,12.0440748,3,1190.333333,68.98067362,388.333333,2144.333333,9622.018738,12.94209862,66950.41845,11.64087932,1.301219302,8.42455595,1.26378718,0.207841318,0.369812592,0.034703851,28.271696,79.527027,74584,118323.2703,10.47,7,175,10,424910.8108,597.72973,0.096170703
169,1,Manhattan,61,MN20,Murray Hill-Kips Bay,23134.26825,14465837.11,60159,295,17,0,0,1,1108,0,369,0,8258.136251,6.751806267,82811.07165,3.912891852,2.838914413,2.666333621,0.274533246,0.146610559,0.020529362,0.001106933,32.971098,88.266667,88679,130859.5556,9.27,6,132,11,540316.6667,716.5,0.096956803
170,3,Brooklyn,47,BK68,Fort Greene,19828.47506,16482895.93,28790,45,21,1,3.887612653,2,1473,492.1463197,510.5,40044.5,5441.84795,1.876416977,103820.8455,0.79019807,1.0895323,0.20618872,0.129585915,0.06243104,0.036817212,0.019395468,6.78551,87.75,54748,72968.22727,16.94,13,96,12,344681.8182,1117.5,0.244941065
171,5,Staten Island,85,SI08,Grymes Hill-Clifton-Fox Hills,37119.41935,37748488.58,22142,2,0,0,0,4,1179.5,111.0090086,398.25,1156.916667,7624.764629,0.395641142,1023818.752,0.067296149,0.328344993,0.002045903,0.00652856,0.000901684,0.008598481,0.000205567,2.105799,92.626667,53260,71249.33333,16.39,0,76,23,412553.3333,1067.133333,0.240436502
172,5,Staten Island,85,SI37,Stapleton-Rosebank,56431.55088,46523826.22,22645,11,5,0,0,0,0,0,0,0,9016.340071,0.299734054,21238378.55,0.094625928,0.205108126,0.01528305,0.015919985,0.002404859,0.01236151,0.002479182,1.799898,89.275,52419,68866.875,16.72,1,220,59,374231.25,1090.0625,0.249542746
173,3,Brooklyn,47,BK64,Prospect Heights,15051.94304,10241664.42,24708,49,3,0,0,0,0,0,0,0,3518.266275,1.935707395,1717190.232,0.353399267,1.582308128,0.048131788,0.079187579,0.040660641,0.050583849,0.038211918,5.735859,86.233333,66496,86815.4,12.21,6,83,10,549566.6667,1327.133333,0.239496632
174,3,Brooklyn,47,BK37,Park Slope-Gowanus,31489.20404,42518323.97,53277,128,31,1,3.08372761,3,1159.666667,41.8608807,392,349,3067.917529,1.648113196,199653.0841,0.429842565,1.218612547,0.046169978,0.079060764,0.03721718,0.035279644,0.080383672,3.978449,90.505714,75036,100989.8,10.19,26,264,68,514171.4286,1414.285714,0.226177235
175,3,Brooklyn,47,BK61,Crown Heights North,35635.54337,51619074.56,87370,88,21,9,23.16372996,2,1095,9.899494937,364,18,3870.20237,1.650861371,111538.2454,0.345835871,1.305089896,0.087696783,0.058114171,0.022734967,0.01962863,0.028338829,5.380483,90.986538,37470,49680.82692,26.36,29,457,66,548884.6154,976.903846,0.312858394
176,3,Brooklyn,47,BK63,Crown Heights South,24192.43115,15988820.72,38872,10,7,2,4.969973079,7,1161.285714,133.2925533,387.428571,2538.285714,4703.996046,1.849690859,105061.113,0.317274837,1.544952292,0.098374835,0.058105535,0.012592125,0.004061162,0.011915233,6.887961,90.283333,37842,51770.04167,21.13,2,153,11,535233.3333,935,0.296496283
177,4,Queens,81,QN41,Fresh Meadows-Utopia,22106.43136,27774853.95,14358,6,0,0,0,0,0,0,0,0,6789.222068,0.502370083,85331.49775,0.078882065,0.423488018,0.00728561,0.028461452,0.006556429,0.000172055,0.000185692,2.474765,95.654545,71317,88949.27273,5.31,0,54,30,576063.6364,1140.909091,0.191972833
178,4,Queens,81,QN99,park-cemetery-etc-Queens,490169.1207,311674738.2,140969,1,4,3,10.10183208,0,0,0,0,0,637078.9375,0.061678128,181488.1591,0.058253611,0.003424517,0.000709783,0.00062938,0.008032511,0.002019718,0.000966181,2.614583,85.3275,52221,62955.16667,9.01,2,41,24,408740,997.141667,0.229135276
179,2,Bronx,5,BX17,East Tremont,29637.32809,19256401.78,30702,6,8,8,22.81965343,2,1112.5,75.66042559,371.5,1300.5,8945.724822,1.140004304,397352.1568,0.251675542,0.888328762,0.079159984,0.050761302,0.027207879,0.012341409,0.003796491,8.771109,90.358333,22071,31054.91667,37.94,18,101,46,340920.8333,808.583333,0.439623339
180,2,Bronx,5,BX99,park-cemetery-etc-Bronx,224055.8198,220805999.2,87822,1,6,1,2.691255625,0,0,0,0,0,2395032.794,0.018795511,177518.4794,0.010071201,0.008724311,0.00468408,7.05197E-05,0.000816514,0.000151701,0,13.195876,90.545902,34529,42682.34426,23.9,0,29,5,271791.8033,856,0.297484971
181,4,Queens,81,QN18,Rego Park,26675.1774,19941428.94,41105,16,6,0,0,0,0,0,0,0,5025.880046,1.401774927,79373.65919,0.352487861,1.049287066,0.052130097,0.181473456,0.076255589,0.001536836,0.000325115,5.242599,90.965217,56743,71407.56522,9.12,3,59,19,385765.2174,1222.565217,0.258547686
182,4,Queens,81,QN21,Middle Village,42668.25586,57684256.1,31466,15,0,0,0,0,0,0,0,0,5199.307965,0.424538178,1087394.89,0.048358962,0.376179216,0.004545523,0.012579569,0.002273243,0.007820389,0.007384361,1.737029,90.353125,56919,70207.34375,6.57,12,126,108,522125,1165.625,0.245742333
183,4,Queens,81,QN43,Bellerose,32084.88543,55194891.61,20729,7,0,0,0,1,1326,0,455,0,6624.46581,0.371436105,1218092.449,0.098888708,0.272547396,0.002499648,0.009761575,0.00090838,0.001255457,0.000222687,1.567338,89.9375,66633,76514.375,7.66,3,100,51,432118.75,988.6875,0.178054168
184,3,Brooklyn,47,BK35,Stuyvesant Heights,28239.09659,31407005.07,52509,46,9,8,23.80224303,2,1184.5,126.5721138,392.5,1624.5,2855.179566,1.617773842,65463937.5,0.263668379,1.353888321,0.087002399,0.062519132,0.007749473,0.011086327,0.007733199,4.009775,88.994444,35079,48829.22222,29.85,63,406,49,530027.7778,930.638889,0.318354335
185,5,Staten Island,85,SI05,New Springville-Bloomfield-Travis,109225.7335,327762816.9,47145,8,0,4,8.182533439,0,0,0,0,0,25539.0208,0.216124981,119303.325,0.139640336,0.076495983,0.009991924,0.004357641,0.000770862,0.002852773,0.001632297,1.507393,94.4,74160,89693.88462,7.65,3,121,45,457907.6923,1109.307692,0.179498509
186,5,Staten Island,85,SI24,Todt Hill-Emerson Hill-Heartland Village-Lighthouse Hill,75926.54494,184846972.5,47765,7,0,3,6.677106269,2,1467.5,92.63098834,502.5,840.5,20180.92146,0.171312219,41933.1063,0.038366989,0.13294523,0.004779781,0.018770796,0.002195884,0.000377087,2.3245E-05,1.616271,94.503571,70044,87211.78571,9.08,3,105,27,472417.8571,1076.785714,0.184476069
187,3,Brooklyn,47,BK90,East Williamsburg,49188.62025,39141060.04,35248,139,14,0,0,2,1362.5,331.6330804,457.5,11704.5,8083.198031,0.883541937,130203.8922,0.366708787,0.517121397,0.021244846,0.050808976,0.011200779,0.05131427,0.171465465,5.190999,93.073077,43432,53400.69231,24.49,48,167,58,530923.0769,1074.692308,0.296932589
188,4,Queens,81,QN20,Ridgewood,40605.66483,50502646.03,46647,34,14,1,3.260178117,0,0,0,0,0,4524.26112,0.943591793,123204.4566,0.297809688,0.645782105,0.016420246,0.065930859,0.007607296,0.045089169,0.073155942,3.2763,92.285366,43141,53807.7561,17.36,23,417,43,496207.3171,1056.487805,0.293872013
189,1,Manhattan,61,MN33,East Harlem South,18625.0427,16650737.79,49089,40,8,2,3.762328344,4,1168.25,132.1372393,395.5,1109.666667,12057.73384,2.8377211,39989.88279,0.966054635,1.872897394,0.135872911,0.085582703,0.07866967,0.027919462,0.002976018,26.275665,89.180952,49357,87884.57143,25.13,12,105,8,337785.7143,859.619048,0.208998078
190,1,Manhattan,61,MN34,East Harlem North,30603.26412,24495419.94,49623,55,8,13,26.56573465,2,1318,244.6589463,451.5,12640.5,14187.97664,1.224423906,84396.06605,0.402493179,0.827115782,0.056240174,0.080599417,0.044569682,0.017936326,0.01253477,15.363389,88.782609,30516,44511.17391,32.8,11,179,11,295217.3913,668.130435,0.262735035
191,3,Brooklyn,47,BK77,Bushwick North,26402.88396,25020783.02,38077,75,22,0,0,4,1122,62.59925452,378.5,776.333333,3505.303223,1.432462915,413785.0959,0.445763097,0.986699818,0.021408015,0.08194729,0.008805315,0.04536041,0.145017322,4.086351,92.058065,33870,43106.6129,25.39,42,207,37,469032.2581,984.967742,0.348968641
192,3,Brooklyn,47,BK78,Bushwick South,40778.29821,40192390.21,59982,55,17,3,8.585506668,6,1134,57.20839099,386.833333,774.166667,4467.082906,1.163850274,460490.9614,0.354911324,0.811341104,0.037278903,0.04415263,0.010031824,0.041222202,0.091341241,3.812044,91.66087,33304,43104,31.19,50,348,71,456095.6522,933.630435,0.336408042
193,1,Manhattan,61,MN13,Hudson Yards-Chelsea-Flatiron-Union Square,45453.59127,37028900.77,88705,481,76,0,0,9,1346.777778,210.2681489,465.111111,6074.861111,10476.37178,4.442589609,2822397.784,2.767578504,1.678668479,1.396560712,0.304056755,0.184930421,0.35299168,0.056158276,24.506829,87.133333,88855,147171.7,11.89,23,324,28,404390,1045.9,0.141249981
194,1,Manhattan,61,MN21,Gramercy,12090.4566,7532281.409,56685,138,10,0,0,7,1267.428571,131.2108445,439.285714,2173.238095,5866.069095,6.06154143,84009.36878,2.894250236,3.167291196,1.571805831,0.380086397,0.123971199,0.096541283,0,26.148241,92.271429,95453,145326.8571,10.29,8,127,9,384157.1429,1193.214286,0.150006061
